Model,Score
SGDClassifier,0.9593690285546298
Perceptron,0.9821059716387773
BernoulliNB,0.9974276850712899
MLPClassifier,0.9974508939277895
